Aubert	Manuel	manuel.aubert@stud.unibas.ch	0
Bitterli	Jan	jan.bitterli@unibas.ch	2
Brüggemann	Robin	robin.brueggemann@stud.unibas.ch	1
Dusoulier	Margaux	margaux.dusoulier@stud.unibas.ch	4
Fischer	Myra Olivia	olivia.fischer@stud.unibas.ch	3
Gelmez	Pelin Sila	pelin.gelmez@stud.unibas.ch	1
Güzel	Uday	uday.guezel@stud.unibas.ch	4
Jakob	Marie Antonia	marie.jakob@stud.unibas.ch	4
Jeitziner	Loris	loris.jeitziner@unibas.ch	3
Kessler	Damiano	damiano.kessler@stud.unibas.ch	2
Lotz	Tamara	tamara.lotz@stud.unibas.ch	1
Most	Raphael Edison	raphael.most@stud.unibas.ch	1
Paro	Damian	damian.paro@stud.unibas.ch	2
Schwab	Nieves	nieves.schwab@stud.unibas.ch	3
Urso	Daniele	d.urso@stud.unibas.ch	4
Zeiser	Samuel	samuel.zeiser@stud.unibas.ch	2
